nom;enseigne;reseau;adresse;code_postal;ville;region;latitude;longitude;telephone;contact;ca_jrf;exercice;reference;libelle_excel
Intermarché Anderlecht;Intermarché;by_mestdagh;Boulevard Industriel 41;1070;Anderlecht;bruxelles;;;;;;;ITM-001;INTERMARCHE ANDERLECHT BY
Intermarché Ans;Intermarché;by_mestdagh;Rue des Français 155;4430;Ans;wallonie;;;;;;;ITM-002;INTERMARCHE ANS BY
Intermarché Braine-Le-Comte;Intermarché;by_mestdagh;Rue des Digues 60;7090;Braine-le-Comte;wallonie;;;;;;;ITM-003;INTERMARCHE BRAINE LE CONTE BY
Intermarché Cerfontaine;Intermarché;by_mestdagh;Rue de la Gare 22;5630;Cerfontaine;wallonie;;;;;;;ITM-004;INTERMARCHE CERFONTAINE BY
Intermarché Chapelle-Lez-Herlaimont;Intermarché;by_mestdagh;Rue de la Hestre 93;7160;Chapelle-lez-Herlaimont;wallonie;;;;;;;ITM-005;INTERMARCHE CHAPELLE-LEZ-HERLEMONT BY
Intermarché Andenne;Intermarché;independant;Avenue de Belle Mine 7;5300;Andenne;wallonie;;;;;;;ITM-006;INTERMARCHE ANDENNE
Intermarché Chatelet;Intermarché;by_mestdagh;Rue de la Station 55;6200;Châtelet;wallonie;;;;;;;ITM-007;INTERMARCHE CHATELET BY
Intermarché Chatelineau;Intermarché;by_mestdagh;Rue Jules des Essarts 2;6200;Châtelineau;wallonie;;;;;;;ITM-008;INTERMARECHE CHATELINEAU BY
Intermarché Chaumont;Intermarché;by_mestdagh;Chaussée de Huy 175;1325;Chaumont-Gistoux;wallonie;;;;;;;ITM-009;INTERMARCHE CHAUMONT BY
Intermarché Chievres;Intermarché;by_mestdagh;Rue du Septième Wing 2;7950;Chièvres;wallonie;;;;;;;ITM-010;INTERMARCHE CHIEVRES BY
Intermarché Corbais;Intermarché;by_mestdagh;Rue Haute 1;1435;Corbais;wallonie;;;;;;;ITM-011;INTERMARCHE CORBAIS BY
Intermarché Couillet;Intermarché;by_mestdagh;Route de Philippeville 319;6010;Couillet;wallonie;;;;;;;ITM-012;INTERMARCHE COUILLET BY
Intermarché Floriffoux;Intermarché;by_mestdagh;Rue Emerée 4;5150;Floriffoux;wallonie;;;;;;;ITM-013;INTERMARCHE FLORIFOUX BY
Intermarché Fontaine L'Eveque;Intermarché;by_mestdagh;Rue de Mons 54;6140;Fontaine-l'Évêque;wallonie;;;;;;;ITM-014;INTERMARCHE FONTAINE L'EVEQUE BY
Intermarché Forest;Intermarché;by_mestdagh;Chaussée d'Alsemberg 303;1190;Forest;bruxelles;;;;;;;ITM-015;INTERMARCHE FOREST BY
Intermarché Genappe;Intermarché;by_mestdagh;Rue Louis Lalieux 22;1470;Genappe;wallonie;;;;;;;ITM-016;INTERMARCHE GENAPPE BY
Intermarché Gerpinnes;Intermarché;by_mestdagh;Chaussée de Philippeville 196;6280;Gerpinnes;wallonie;;;;;;;ITM-017;INTERMARCHE GERPINNES BY
Intermarché Ghislenghien;Intermarché;by_mestdagh;Chaussée de Bruxelles 458;7822;Ghislenghien;wallonie;;;;;;;ITM-018;INTERMARCHE GHISLENGHIEN BY
Intermarché Gilly Velodrome;Intermarché;independant;Rue des Vallées 7A;6060;Gilly;wallonie;;;;;;;ITM-019;INTERMARCHE GILLY VELODROME
Intermarché Gosselies;Intermarché;by_mestdagh;Rue Pont-à-Migneloux 13;6041;Gosselies;wallonie;;;;;;;ITM-020;INTERMARCHE GOSSELIES BY
Intermarché Gozee;Intermarché;by_mestdagh;Rue de Marchienne 204;6534;Gozée;wallonie;;;;;;;ITM-021;INTERMARCHE GOZEE BY
Intermarché Hamme-Mille;Intermarché;by_mestdagh;Rue des Épinoches 5;1320;Hamme-Mille;wallonie;;;;;;;ITM-022;INTERMARCHE HAMME-MILLE BY
Intermarché Jambes;Intermarché;by_mestdagh;Rue du Major Mascaux 20;5100;Jambes;wallonie;;;;;;;ITM-023;INTERMARCHE JAMBES BY
Intermarché Jodoigne;Intermarché;by_mestdagh;Avenue des Commandants Borlée 16;1370;Jodoigne;wallonie;;;;;;;ITM-024;INTERMARCHE JODOIGNE BY
Intermarché Jumet;Intermarché;by_mestdagh;Rue Louis Biernaux 98;6040;Jumet;wallonie;;;;;;;ITM-025;INTERMARCHE JUMET BY
Intermarché St Lambert;Intermarché;by_mestdagh;Place Saint-Lambert 9;4000;Liège;wallonie;;;;;;;ITM-026;INTERMARCHE ST LAMBERT BY
Intermarché -Humblet;Intermarché;by_mestdagh;Rue de la Cathédrale 63-67;4000;Liège;wallonie;;;;;;;ITM-027;INTERMARCHE -HUMBLET BY
Intermarché Luttre;Intermarché;by_mestdagh;Rue du Pont Neuf 6a;6238;Luttre;wallonie;;;;;;;ITM-028;INTERMARCHE LUTTRE BY
Intermarché Marcinelle;Intermarché;by_mestdagh;Avenue Eugène Mascaux 869;6001;Marcinelle;wallonie;;;;;;;ITM-029;INTERMARCHE MARCINELLE BY
Intermarché Monceau;Intermarché;by_mestdagh;Rue du Calvaire 141;6031;Monceau-sur-Sambre;wallonie;;;;;;;ITM-030;INTERMARCHE MONCEAU BY
Intermarché Montignies -Sur-Sambre;Intermarché;by_mestdagh;Avenue du Centenaire 56;6061;Montignies-sur-Sambre;wallonie;;;;;;;ITM-031;INTERMARCHE MONTIGNIES -SUR-SAMBRE BY
Intermarché Naninne;Intermarché;by_mestdagh;Chaussée de Marche 860;5100;Naninne;wallonie;;;;;;;ITM-032;INTERMARCHE NANINNE BY
Intermarché Nivelles;Intermarché;by_mestdagh;Rue Tienne-à-Deux-Vallées 6;1400;Nivelles;wallonie;;;;;;;ITM-033;INTERMARCHE NIVELLES BY
Intermarché Ottignies;Intermarché;by_mestdagh;Avenue Provinciale 127;1340;Ottignies;wallonie;;;;;;;ITM-034;INTERMARCHE OTTIGNIES BY
Intermarché Philippeville;Intermarché;by_mestdagh;Rue de France 39;5600;Philippeville;wallonie;;;;;;;ITM-035;INTERMARCHE PHILIPPEVILLE  BY
Intermarché Rixensart;Intermarché;by_mestdagh;Avenue John Fitzgerald Kennedy 2;1330;Rixensart;wallonie;;;;;;;ITM-036;INTERMARCHE RIXENSART BY
Intermarché Roux;Intermarché;by_mestdagh;Rue Edmond Foulon 21;6044;Roux;wallonie;;;;;;;ITM-037;INTERMARCHE ROUX BY
Intermarché Schaerbeek;Intermarché;by_mestdagh;Rue de Jérusalem 60;1030;Schaerbeek;bruxelles;;;;;;;ITM-038;INTERMARCHE SCHAERBEEK BY
Intermarché Soignies;Intermarché;by_mestdagh;Rue du Nouveau Monde 17;7060;Soignies;wallonie;;;;;;;ITM-039;INTERMARCHE SOIGNIES BY
Intermarché Tilff;Intermarché;by_mestdagh;Avenue des Ardennes 8;4130;Tilff;wallonie;;;;;;;ITM-040;INTERMARCHE TILFF BY MESSTDAGH
Intermarché Trazegnies;Intermarché;by_mestdagh;Rue de Gosselies 76;6183;Trazegnies;wallonie;;;;;;;ITM-041;INTERMARCHE TRAZEGNIES BY
Intermarché Trooz;Intermarché;by_mestdagh;Grand'Rue 40;4870;Trooz;wallonie;;;;;;;ITM-042;INTERMARCHE TROOZ BY
Intermarché Wavre;Intermarché;by_mestdagh;Avenue des Princes 9;1300;Wavre;wallonie;;;;;;;ITM-043;INTERMARCHE WAVRE BY MESTDAGH
Intermarché Anderlues;Intermarché;independant;Rue Émile Vandervelde 16;6150;Anderlues;wallonie;;;;;;;ITM-044;INTERMARCHE ANDERLUES
Intermarché Anderlues 2 Capandere Sa;Intermarché;independant;Chaussée de Mons 225;6150;Anderlues;wallonie;;;;;;;ITM-045;INTERMARCHE ANDERLUES 2 CAPANDERE SA
Intermarché Anhee/holebo Sa;Intermarché;independant;Chaussée de Dinant 127;5537;Anhée;wallonie;;;;;;;ITM-046;INTERMARCHE ANHEE/HOLEBO SA
Intermarché Anthee;Intermarché;independant;Rue du Maréchal Franchet d'Esperey 2;5520;Anthée;wallonie;;;;;;;ITM-047;INTERMARCHE ANTHEE
Intermarché Assesse;Intermarché;independant;Rue Melville Wilson 3;5330;Assesse;wallonie;;;;;;;ITM-048;INTERMARCHE ASSESSE
Intermarché Binche;Intermarché;independant;Rue Zéphirin Fontaine 140;7130;Binche;wallonie;;;;;;;ITM-049;INTERMARCHE BINCHE
Intermarché Bois De Villers;Intermarché;independant;Rue Biname Bajart 1;5170;Bois-de-Villers;wallonie;;;;;;;ITM-050;INTERMARCHE BOIS DE VILLERS
Intermarché Boussu;Intermarché;independant;Rue des Chaufours 19;7300;Boussu;wallonie;;;;;;;ITM-051;INTERMARCHE BOUSSU
Intermarché Court-Saint-Etienne;Intermarché;independant;Place Baudouin 1er 12;1490;Court-Saint-Étienne;wallonie;;;;;;;ITM-052;INTERMARCHE COURT-SAINT-ETIENNE
Intermarché Fleurus;Intermarché;independant;Chaussée de Charleroi 787;6220;Fleurus;wallonie;;;;;;;ITM-053;INTERMARCHE FLEURUS
Intermarché Forchies;Intermarché;independant;Rue Chaussée 229;6141;Forchies-la-Marche;wallonie;;;;;;;ITM-054;INTERMARCHE FORCHIES
Intermarché Frameries;Intermarché;independant;Route Nationale 29;7080;Frameries;wallonie;;;;;;;ITM-055;INTERMARCHE FRAMERIES
Intermarché Frasnes Lez Anvaing;Intermarché;independant;Route dHacquegnies 53;7910;Frasnes-lez-Anvaing;wallonie;;;;;;;ITM-056;INTERMARCHE FRASNES LEZ ANVAING
Intermarché Gedinne;Intermarché;independant;Rue de Charleville 48;5575;Gedinne;wallonie;;;;;;;ITM-057;INTERMARCHE GEDINNE
Intermarché Gilly;Intermarché;independant;Rue du Moulin 2;6060;Gilly;wallonie;;;;;;;ITM-058;INTERMARCHE GILLY
Intermarché Givry;Intermarché;independant;Chaussée de Beaumont 71;7041;Givry;wallonie;;;;;;;ITM-059;INTERMARCHE GIVRY
Intermarché Gosselies;Intermarché;independant;Chaussée de Courcelles 95;6041;Gosselies;wallonie;;;;;;;ITM-060;INTERMARCHE GOSSELIES
Intermarché Gozee;Intermarché;independant;Rue de Bomerée 1;6534;Gozée;wallonie;;;;;;;ITM-061;INTERMARCHE GOZEE
Intermarché Helecine;Intermarché;independant;Chaussée de Hannut 116;1357;Hélécine;wallonie;;;;;;;ITM-062;INTERMARCHE HELECINE
Intermarché Hermalle Sous Argenteau;Intermarché;independant;Rue dArgenteau 13;4681;Hermalle-sous-Argenteau;wallonie;;;;;;;ITM-063;INTERMARCHE HERMALLE SOUS ARGENTEAU
Intermarché Herstal;Intermarché;independant;Rue Ernest Solvay 90;4040;Herstal;wallonie;;;;;;;ITM-064;INTERMARCHE HERSTAL
Intermarché Lambusart;Intermarché;independant;Rue du Wainage 236;6220;Lambusart;wallonie;;;;;;;ITM-065;INTERMARCHE LAMBUSRT
Intermarché Hollain;Intermarché;independant;Rue du Marais 5;7620;Hollain;wallonie;;;;;;;ITM-066;INTERMARCHE HOLLAIN
Intermarché Jurbise;Intermarché;independant;Route dAth 177;7050;Jurbise;wallonie;;;;;;;ITM-067;INTERMARCHE JURBISE
Intermarché Leuze;Intermarché;independant;Rue de lArtisanat 4;7900;Leuze-en-Hainaut;wallonie;;;;;;;ITM-068;INTERMARCHE LEUZE
Intermarché Liege Burenville;Intermarché;independant;Avenue Olympe Gilbart 1c;4000;Liège;wallonie;;;;;;;ITM-069;INTERMARCHE LIEGE BURENVILLE
Intermarché Limelette;Intermarché;independant;Avenue Albert Ier 59;1342;Limelette;wallonie;;;;;;;ITM-070;INTERMARCHE LIMELETTE
Intermarché Mons;Intermarché;independant;Chemin de la Procession 399;7000;Mons;wallonie;;;;;;;ITM-071;INTERMARCHE MONS
Intermarché Morlanwelz;Intermarché;independant;Rue des Ateliers 122;7140;Morlanwelz;wallonie;;;;;;;ITM-072;INTERMARCHE MORLANWELZ
Intermarché Mouscron;Intermarché;independant;Avenue Wolfgang Amadeus Mozart 22;7700;Mouscron;wallonie;;;;;;;ITM-073;INTERMARCHE MOUSCRON
Intermarché Nessonvaux;Intermarché;independant;Rue Franklin Roosevelt 249A;4870;Nessonvaux;wallonie;;;;;;;ITM-074;INTERMARCHE NESSONVAUX
Intermarché Ohey;Intermarché;independant;Rue de Ciney 14b;5350;Ohey;wallonie;;;;;;;ITM-075;INTERMARCHE OHEY
Intermarché Orcq;Intermarché;independant;Chaussée de Lille 433;7503;Orcq;wallonie;;;;;;;ITM-076;INTERMARCHE ORCQ
Intermarché Peruwelz Hainaut;Intermarché;independant;Neuve Chaussée 86c;7600;Péruwelz;wallonie;;;;;;;ITM-077;INTERMARCHE PERUWELZ HAINAUT
Intermarché Perwez B-W;Intermarché;independant;Chaussée de Charleroi 24a;1360;Perwez;wallonie;;;;;;;ITM-078;INTERMARCHE PERWEZ B-W
Intermarché Pont De Loup;Intermarché;independant;Rue du Campinaire 66;6250;Pont-de-Loup;wallonie;;;;;;;ITM-079;INTERMARCHE PONT DE LOUP
Intermarché Quevaucamps -Quevim;Intermarché;independant;Rue du Brugnon 88;7972;Quevaucamps;wallonie;;;;;;;ITM-080;INTERMARCHE QUEVAUCAMPS -QUEVIM
Intermarché Ransart;Intermarché;independant;Rue Charbonnel 100;6043;Ransart;wallonie;;;;;;;ITM-081;INTERMARCHE RANSART
Intermarché Rebecq;Intermarché;independant;Chaussée dEnghien 79;1430;Rebecq;wallonie;;;;;;;ITM-082;INTERMARCHE REBECQ
Intermarché Rhisnes;Intermarché;independant;Rue aux Cailloux 34;5080;Rhisnes;wallonie;;;;;;;ITM-083;INTERMARCHE RHISNES
Intermarché Rumes;Intermarché;independant;Chaussée de Douai 1bis;7610;Rumes;wallonie;;;;;;;ITM-084;INTERMARCHE RUMES
Intermarché Sart Dames Aveline;Intermarché;independant;Chaussée de Namur 113;1495;Sart-Dames-Avelines;wallonie;;;;;;;ITM-085;INTERMARCHE SART DAMES AVELINE
Intermarché Templeuve;Intermarché;independant;Rue de Formanoir 89;7520;Templeuve;wallonie;;;;;;;ITM-086;INTERMARCHE TEMPLEUVE
Intermarché Tubize;Intermarché;independant;Rue du Bailli 26;1480;Tubize;wallonie;;;;;;;ITM-087;INTERMARCHE TUBIZE
Intermarché Estaimpuis;Intermarché;independant;Rue Jules Vantieghem 3;7730;Estaimpuis;wallonie;;;;;;;ITM-088;INTERMARCHE ESTAIMPUIS
Intermarché Eghezee;Intermarché;independant;Chaussée de Louvain 64;5310;Éghezée;wallonie;;;;;;;ITM-089;INTERMARCHE EGHEZEE
Intermarché Mont Sur Marchienne;Intermarché;independant;Avenue Paul Pastur 179;6032;Mont-sur-Marchienne;wallonie;;;;;;;ITM-090;INTERMARCHE MONT SUR MARCHIENNE
Intermarché Hannut;Intermarché;independant;Rue de Hesbaye 1;4280;Hannut;wallonie;;;;;;;ITM-091;INTERMARCHE HANNUT
Intermarché Saint-Georges-Sur-Meuse;Intermarché;independant;Rue Albert Ier 20;4470;Saint-Georges-sur-Meuse;wallonie;;;;;;;ITM-092;INTERMARCHE ST GOERGES
Spar Grez-Doiceau;Spar;independant;Chaussée de la Libération 47;1390;Grez-Doiceau;wallonie;;;;;;;SPR-001;SPAAR GREZ-DOICEAU
Intermarché Lessines;Intermarché;independant;Chemin des Croix 99;7860;Lessines;wallonie;;;;;;;ITM-093;INTERMARCHE LESSINES
Intermarché Jette;Intermarché;independant;Rue Léopold I 513;1090;Jette;bruxelles;;;;;;;ITM-094;INTERMARCHE JETTE
Intermarché Ciney;Intermarché;independant;Rue du Commerce 79;5590;Ciney;wallonie;;;;;;;ITM-095;INTERMARCHE CINEY
AD Delhaize Antoing;AD Delhaize;affilie;Rue du Burg;7640;Antoing;wallonie;;;;;;;ADD-001;AD DELHAIZE ANTOING
AD Delhaize Arbre Ballon;AD Delhaize;affilie;Avenue de lArbre Ballon 24;1090;Jette;bruxelles;;;;;;;ADD-002;AD DELHAIZE ARBRE BALLON
AD Delhaize Ath;AD Delhaize;affilie;Rue de lAbbaye 6;7800;Ath;wallonie;;;;;;;ADD-003;AD DELHAIZE ATH
AD Delhaize Aunoi -;AD Delhaize;affilie;Rue de Houdeng 212;7070;Le Rœulx;wallonie;;;;;;;ADD-004;AD DELHAIZE AUNOI -
AD Delhaize Aywaille;AD Delhaize;affilie;Dieupart 39;4920;Aywaille;wallonie;;;;;;;ADD-005;AD DELHAIZE AYWAILLE
AD Delhaize Barvaux;AD Delhaize;affilie;Petit Barvaux 6;6940;Barvaux;wallonie;;;;;;;ADD-006;AD DELHAIZE BARVAUX
AD Delhaize Bertrix;AD Delhaize;affilie;Route des Gohineaux 2;6880;Bertrix;wallonie;;;;;;;ADD-007;AD DELHAIZE BERTRIX
AD Delhaize Bouffioulx;AD Delhaize;affilie;Avenue Émile Vandervelde 260;6200;Bouffioulx;wallonie;;;;;;;ADD-008;AD DELHAIZE BOUFFIOULX
AD Delhaize Bouge;AD Delhaize;affilie;Chaussée de Louvain 336;5004;Bouge;wallonie;;;;;;;ADD-009;AD DELHAIZE BOUGE
AD Delhaize Braine L'Alleud;AD Delhaize;affilie;Avenue Victor Hugo 3;1420;Braine-l'Alleud;wallonie;;;;;;;ADD-010;AD DELHAIZE BRAINE L'ALLEUD
AD Delhaize Burenville;AD Delhaize;affilie;Rue Saint-Nicolas 410;4000;Liège;wallonie;;;;;;;ADD-011;AD DELHAIZE BURENVILLE
AD Delhaize Chastre;AD Delhaize;affilie;Route Provinciale 98;1450;Chastre;wallonie;;;;;;;ADD-012;AD DELHAIZE CHASTRE
AD Delhaize Chatelineau;AD Delhaize;affilie;Rue des Mottards 130 bte 12;6200;Châtelineau;wallonie;;;;;;;ADD-013;AD DELHAIZE CHATELINEAU
AD Delhaize Chazal;AD Delhaize;affilie;Avenue Léon Mahillon 22;1030;Schaerbeek;bruxelles;;;;;;;ADD-014;AD DELHAIZE CHAZAL
AD Delhaize Diksmuide Ii;AD Delhaize;affilie;Kaaskerkestraat 82;8600;Diksmuide;flandre;;;;;;;ADD-015;AD DELHAIZE DIKSMUIDE II
AD Delhaize Dinant;AD Delhaize;affilie;Place du Cardinal Mercier 12;5500;Dinant;wallonie;;;;;;;ADD-016;AD DELHAIZE DINANT
AD Delhaize Eeklo -;AD Delhaize;affilie;Stationsstraat 19;9900;Eeklo;flandre;;;;;;;ADD-017;AD DELHAIZE EEKLO -
AD Delhaize Enghien;AD Delhaize;affilie;Square de la Dodane 1;7850;Enghien;wallonie;;;;;;;ADD-018;AD DELHAIZE ENGHIEN
AD Delhaize Epinois;AD Delhaize;affilie;Rue Saint-Fiacre 2;7134;Épinois;wallonie;;;;;;;ADD-019;AD DELHAIZE EPINOIS
AD Delhaize Fernelmont;AD Delhaize;affilie;Rue dEghezée 16;5380;Fernelmont;wallonie;;;;;;;ADD-020;AD DELHAIZE FERNELMONT
AD Delhaize Flagey;AD Delhaize;affilie;Rue de Hennin 18;1050;Ixelles;bruxelles;;;;;;;ADD-021;AD DELHAIZE FLAGEY
AD Delhaize Florenville;AD Delhaize;affilie;Rue dArlon 46;6820;Florenville;wallonie;;;;;;;ADD-022;AD DELHAIZE FLORENVILLE
AD Delhaize Forest;AD Delhaize;affilie;Chaussée de Neerstalle 8-12;1190;Forest;bruxelles;;;;;;;ADD-023;AD DELHAIZE FOREST
AD Delhaize Frasnes Lez Gosselies;AD Delhaize;affilie;Chaussée de Bruxelles 527;6250;Frasnes-lez-Gosselies;wallonie;;;;;;;ADD-024;AD DELHAIZE FRASNES LEZ GOSSELIES
AD Delhaize Gembloux;AD Delhaize;affilie;Chaussée de Wavre 42a;5030;Gembloux;wallonie;;;;;;;ADD-025;AD DELHAIZE GEMBLOUX
AD Delhaize Genappe;AD Delhaize;affilie;Chaussée de Bruxelles 4b;1470;Genappe;wallonie;;;;;;;ADD-026;AD DELHAIZE GENAPPE
AD Delhaize Gent Ster;AD Delhaize;affilie;Kortrijksesteenweg 906;9000;Gand;flandre;;;;;;;ADD-027;AD DELHAIZE GENT STER
AD Delhaize Gosselies;AD Delhaize;affilie;Avenue des États-Unis 40;6041;Gosselies;wallonie;;;;;;;ADD-028;AD DELHAIZE GOSSELIES
AD Delhaize Haacht;AD Delhaize;affilie;Markt 1;3150;Haacht;flandre;;;;;;;ADD-029;AD DELHAIZE HAACHT
AD Delhaize Hankar;AD Delhaize;affilie;Clos Lucien Outers 1;1160;Auderghem;bruxelles;;;;;;;ADD-030;AD DELHAIZE HANKAR
AD Delhaize Hornu;AD Delhaize;affilie;Rue de Mons 208;7301;Hornu;wallonie;;;;;;;ADD-031;AD DELHAIZE HORNU
AD Delhaize Hotton;AD Delhaize;affilie;Rue de la Scierie 9;6990;Hotton;wallonie;;;;;;;ADD-032;AD DELHAIZE HOTTON
AD Delhaize Incourt -;AD Delhaize;affilie;Chaussée de Namur 89;1315;Incourt;wallonie;;;;;;;ADD-033;AD DELHAIZE INCOURT -
AD Delhaize Jurbise;AD Delhaize;affilie;Route dAth 420;7050;Jurbise;wallonie;;;;;;;ADD-034;AD DELHAIZE JURBISE
AD Delhaize Keerbergen;AD Delhaize;affilie;Lindenstraat 1;3140;Keerbergen;flandre;;;;;;;ADD-035;AD DELHAIZE KEERBERGEN
AD Delhaize Lede;AD Delhaize;affilie;Wichelsesteenweg 192C;9340;Lede;flandre;;;;;;;ADD-036;AD DELHAIZE LEDE
AD Delhaize Ledeberg -;AD Delhaize;affilie;Driesstraat 96;9050;Ledeberg;flandre;;;;;;;ADD-037;AD DELHAIZE LEDEBERG -
AD Delhaize Leopold Iii Evere;AD Delhaize;affilie;Rue de Genève 2;1140;Evere;bruxelles;;;;;;;ADD-038;AD DELHAIZE LEOPOLD III EVERE
AD Delhaize Lessines;AD Delhaize;affilie;Rue du Pont de Pierre 11;7860;Lessines;wallonie;;;;;;;ADD-039;AD DELHAIZE LESSINES
AD Delhaize Louvain La Neuve;AD Delhaize;affilie;Place de lAccueil 10;1348;Louvain-la-Neuve;wallonie;;;;;;;ADD-040;AD DELHAIZE LOUVAIN LA NEUVE
AD Delhaize Marcinelle;AD Delhaize;affilie;Chaussée de Philippeville 236;6001;Marcinelle;wallonie;;;;;;;ADD-041;AD DELHAIZE MARCINELLE
AD Delhaize Melsbroek;AD Delhaize;affilie;Vliegveld 770 (Brucargo);1820;Melsbroek;flandre;;;;;;;ADD-042;AD DELHAIZE MELSBROEK
AD Delhaize Mettet;AD Delhaize;affilie;Rue Hennevauche 72;5640;Mettet;wallonie;;;;;;;ADD-043;AD DELHAIZE METTET
AD Delhaize Mons;AD Delhaize;affilie;Rue de Nimy 117-121;7000;Mons;wallonie;;;;;;;ADD-044;AD DELHAIZE MONS
AD Delhaize Montigny Le Tilleul;AD Delhaize;affilie;Rue de Gozée 400;6110;Montigny-le-Tilleul;wallonie;;;;;;;ADD-045;AD DELHAIZE MONTIGNY LE TILLEUL
AD Delhaize Morlanwelz;AD Delhaize;affilie;Chaussée Brunehault 500;7140;Morlanwelz;wallonie;;;;;;;ADD-046;AD DELHAIZE MORLANWELZ
AD Delhaize Nimy - Vamodis;AD Delhaize;affilie;Rue de Nimy 117-121;7020;Nimy;wallonie;;;;;;;ADD-047;AD DELHAIZE NIMY - VAMODIS
AD Delhaize Oostkamp;AD Delhaize;affilie;Kortrijksestraat 103-105;8020;Oostkamp;flandre;;;;;;;ADD-048;AD DELHAIZE OOSTKAMP
AD Delhaize Ottignies;AD Delhaize;affilie;;1340;Ottignies;wallonie;;;;;;;ADD-049;AD DELHAIZE OTTIGNIES
AD Delhaize Oudenaarde;AD Delhaize;affilie;;9700;Audenarde;flandre;;;;;;;ADD-050;AD DELHAIZE OUDENAARDE
AD Delhaize Prince De Liege;AD Delhaize;affilie;;1070;Anderlecht;bruxelles;;;;;;;ADD-051;AD DELHAIZE PRINCE DE LIEGE
AD Delhaize Roodebeek;AD Delhaize;affilie;;1200;Woluwe-Saint-Lambert;bruxelles;;;;;;;ADD-052;AD DELHAIZE ROODEBEEK
AD Delhaize Schoten;AD Delhaize;affilie;;2900;Schoten;flandre;;;;;;;ADD-053;AD DELHAIZE SCHOTEN
AD Delhaize Seraing;AD Delhaize;affilie;;4100;Seraing;wallonie;;;;;;;ADD-054;AD DELHAIZE SERAING
AD Delhaize Tournai;AD Delhaize;affilie;;7500;Tournai;wallonie;;;;;;;ADD-055;AD DELHAIZE TOURNAI
AD Delhaize Tubize;AD Delhaize;affilie;;1480;Tubize;wallonie;;;;;;;ADD-056;AD DELHAIZE TUBIZE
AD Delhaize Uccle Defre;AD Delhaize;affilie;;1180;Uccle;bruxelles;;;;;;;ADD-057;AD DELHAIZE UCCLE DEFRE
AD Delhaize Virton;AD Delhaize;affilie;;6760;Virton;wallonie;;;;;;;ADD-058;AD DELHAIZE VIRTON
AD Delhaize Waasland;AD Delhaize;affilie;;9100;Sint-Niklaas;flandre;;;;;;;ADD-059;AD DELHAIZE WAASLAND
AD Delhaize Waterloo;AD Delhaize;affilie;;1410;Waterloo;wallonie;;;;;;;ADD-060;AD DELHAIZE WATERLOO
AD Delhaize Wavre;AD Delhaize;affilie;;1300;Wavre;wallonie;;;;;;;ADD-061;AD DELHAIZE WAVRE
AD Delhaize Wilrijk;AD Delhaize;affilie;;2610;Wilrijk;flandre;;;;;;;ADD-062;AD DELHAIZE WILRIJK
AD Delhaize Wondelgem -;AD Delhaize;affilie;;9032;Wondelgem;flandre;;;;;;;ADD-063;AD DELHAIZE WONDELGEM -
AD Delhaize Zedelgem;AD Delhaize;affilie;;8210;Zedelgem;flandre;;;;;;;ADD-064;AD DELHAIZE ZEDELGEM
AD Delhaize Evere;AD Delhaize;affilie;;1140;Evere;bruxelles;;;;;;;ADD-065;AD DELHAIZE EVERE
AD Delhaize Ferrieres;AD Delhaize;affilie;;4190;Ferrières;wallonie;;;;;;;ADD-066;AD DELHAIZE FERRIERES
AD Delhaize Waregem;AD Delhaize;affilie;;8790;Waregem;flandre;;;;;;;ADD-067;AD WAREGEM
AD Delhaize Zwijnaarde;AD Delhaize;affilie;;9052;Zwijnaarde;flandre;;;;;;;ADD-068;AD ZWIJNAARDE
AD Delhaize Jodoigne;AD Delhaize;affilie;;1370;Jodoigne;wallonie;;;;;;;ADD-069;AD JODOIGNE
AD Delhaize Waregem;AD Delhaize;affilie;;8790;Waregem;flandre;;;;;;;ADD-070;AD WAREGEM
AD Delhaize Belgrade;AD Delhaize;affilie;;5001;Namur;wallonie;;;;;;;ADD-071;AD BELGRADE
Proxy Delhaize Beerzel;Proxy Delhaize;affilie;;2580;Beerzel;flandre;;;;;;;PXY-001;PROXY BEERZEL
AD Delhaize Recogne;AD Delhaize;affilie;;6800;Recogne;wallonie;;;;;;;ADD-072;AD RECOGNE
AD Delhaize Wanze;AD Delhaize;affilie;;4520;Wanze;wallonie;;;;;;;ADD-073;AD WANZE
AD Delhaize Fort Jaco;AD Delhaize;affilie;;1180;Uccle;bruxelles;;;;;;;ADD-074;AD FORT JACO
AD Delhaize Genval;AD Delhaize;affilie;;1332;Genval;wallonie;;;;;;;ADD-075;AD GENVAL
AD Delhaize Croix De Guerre;AD Delhaize;affilie;;1020;Laeken;bruxelles;;;;;;;ADD-076;AD CROIX DE GUERRE
AD Delhaize La Louviere;AD Delhaize;affilie;;7100;La Louvière;wallonie;;;;;;;ADD-077;AD LA LOUVIERE
AD Delhaize Hankar;AD Delhaize;affilie;Clos Lucien Outers 1;1160;Auderghem;bruxelles;;;;;;;ADD-078;AD HANKAR
Proxy Delhaize Hoeilaart;Proxy Delhaize;affilie;;1560;Hoeilaart;flandre;;;;;;;PXY-002;PROXY HOEILLART
Proxy Delhaize Woluwe St Lambert;Proxy Delhaize;affilie;;1200;Woluwe-Saint-Lambert;bruxelles;;;;;;;PXY-003;PROXY WOLUWE ST LAMBERT
Proxy Delhaize Schaerbeek;Proxy Delhaize;affilie;;1030;Schaerbeek;bruxelles;;;;;;;PXY-004;PROXY SCHAERBEEK
Proxy Delhaize Rhisnes;Proxy Delhaize;affilie;;5080;Rhisnes;wallonie;;;;;;;PXY-005;PROXY RHISNES
Delhaize Reet;Delhaize;integre;'s Herenbaan 178;2840;Rumst;flandre;;;;;;;DEL-001;DELHAIZE REER
Delhaize Vise;Delhaize;integre;;4600;Visé;wallonie;;;;;;;DEL-002;DELHAIZE VISE
Delhaize Ardooie;Delhaize;integre;;8850;Ardooie;flandre;;;;;;;DEL-003;DELHAIZE AARDOIE
Delhaize Zele;Delhaize;integre;;9240;Zele;flandre;;;;;;;DEL-004;DELHAIZE ZELE
Delhaize Torhout;Delhaize;integre;;8820;Torhout;flandre;;;;;;;DEL-005;DELHAIZE TORHOUT
Delhaize Aartselaar;Delhaize;integre;;2630;Aartselaar;flandre;;;;;;;DEL-006;DELHAIZE AARTSELAAR